{"_wandb":{"runtime":2493},"_runtime":2493,"_step":499,"train/nll":1.00725257396698,"learning_rate":0,"step":499,"_timestamp":1.776836344301954e+09}