{"step":499,"_wandb":{"runtime":3031},"_runtime":3031,"_timestamp":1.7768362807783973e+09,"_step":499,"train/nll":1.007346272468567,"learning_rate":0}